Section,Type,Index,Status
1 Integration By Parts,Example,1,1
1 Integration By Parts,Example,2,1
1 Integration By Parts,Example,3,1
1 Integration By Parts,Example,4,1
1 Integration By Parts,Example,5,1
1 Integration By Parts,Example,6,1
1 Integration By Parts,Example,7,1
1 Integration By Parts,Example,8,1
1 Integration By Parts,Example,9,1
2 Integrals Involving Trig Functions,Example,1,1
2 Integrals Involving Trig Functions,Example,2,1
2 Integrals Involving Trig Functions,Example,3,1
2 Integrals Involving Trig Functions,Example,4,1
2 Integrals Involving Trig Functions,Example,5,1
2 Integrals Involving Trig Functions,Example,6,1
2 Integrals Involving Trig Functions,Example,7,0
2 Integrals Involving Trig Functions,Example,8,1
2 Integrals Involving Trig Functions,Example,9,0
2 Integrals Involving Trig Functions,Example,10,0
2 Integrals Involving Trig Functions,Example,11,0
3 Trig Substitutions,Example,1,
3 Trig Substitutions,Example,2,
3 Trig Substitutions,Example,3,
3 Trig Substitutions,Example,4,
3 Trig Substitutions,Example,5,
3 Trig Substitutions,Example,6,
3 Trig Substitutions,Example,7,
4 Partial Fractions,Example,1,1
4 Partial Fractions,Example,2,0
4 Partial Fractions,Example,3,0
4 Partial Fractions,Example,4,1
4 Partial Fractions,Example,5,0
4 Partial Fractions,Example,6,1
8 Improper Integrals,Example,1,1
8 Improper Integrals,Example,2,1
8 Improper Integrals,Example,3,1
8 Improper Integrals,Example,4,1
8 Improper Integrals,Example,5,1
8 Improper Integrals,Example,6,1
8 Improper Integrals,Example,7,1
8 Improper Integrals,Example,8,1
